-- 首先插入部门信息（需要先有部门才能插入员工）
INSERT INTO department (dept_id, dept_name, remarks) VALUES
('D001', '技术部', '负责产品研发和技术支持'),
('D002', '人事部', '负责招聘和员工关系管理'),
('D003', '财务部', '负责公司财务和薪酬管理'),
('D004', '市场部', '负责市场推广和品牌建设');

-- 插入员工信息
INSERT INTO employee (emp_id, emp_name, education, birthday, gender, work_date, address, phone, dept_id) VALUES
('E001', '张三', '本科', '1990-05-15', '男', '2015-08-01', '北京市朝阳区建国路100号', '13800138001', 'D001'),
('E002', '李四', '硕士', '1988-12-20', '女', '2016-03-15', '上海市浦东新区陆家嘴200号', '13900139002', 'D001'),
('E003', '王五', '博士', '1985-08-10', '男', '2013-06-01', '广州市天河区珠江新城300号', '13700137003', 'D002'),
('E004', '赵六', '本科', '1992-03-25', '女', '2018-09-10', '深圳市南山区科技园400号', '13600136004', 'D003'),
('E005', '钱七', '硕士', '1991-11-08', '男', '2019-01-20', '杭州市西湖区文三路500号', '13500135005', 'D004');

-- 插入员工薪水信息
INSERT INTO salary (emp_id, income, expenditure) VALUES
('E001', 15000.00, 2000.00),
('E002', 18000.00, 2500.00),
('E003', 22000.00, 3000.00),
('E004', 12000.00, 1800.00),
('E005', 16000.00, 2200.00);

-- 插入财务部员工信息
INSERT INTO employee (emp_id, emp_name, education, birthday, gender, work_date, address, phone, dept_id) VALUES
('E006', '陈会计', '本科', '1991-03-18', '女', '2017-06-15', '北京市西城区金融街600号', '13400134006', 'D003'),
('E007', '杨财务', '硕士', '1989-07-22', '女', '2015-09-01', '上海市黄浦区外滩700号', '13300133007', 'D003'),
('E008', '刘出纳', '本科', '1993-11-05', '男', '2020-02-20', '广州市越秀区东风路800号', '13200132008', 'D003'),
('E009', '黄审计', '硕士', '1988-04-12', '女', '2014-11-10', '深圳市福田区中心区900号', '13100131009', 'D003'),
('E010', '周税务', '本科', '1994-09-30', '男', '2021-07-01', '杭州市下城区武林广场1000号', '13000130010', 'D003');

-- 插入财务部员工薪水信息
INSERT INTO salary (emp_id, income, expenditure) VALUES
('E006', 13000.00, 1900.00),
('E007', 16000.00, 2300.00),
('E008', 11000.00, 1600.00),
('E009', 17000.00, 2400.00),
('E010', 12500.00, 1800.00);

explain select * from dbem.employee;

-- 标量子查询（返回单个值-一行一列，一般用于比较符）
select emp_name, education from dbem.employee where birthday > (select  AVG(birthday) from employee);

-- 列子查询，返回一列数据
select * from employee where employee.dept_id in (select department.dept_id from department where dept_name = '技术部');

















